{
  "X_mean": [
    0.7685102420856612,
    667.7960893854748,
    317.45065176908753,
    175.17271880819368,
    5.3249534450651765,
    3.543761638733706,
    0.23491620111731829,
    2.810055865921788
  ],
  "X_std": [
    0.105143408262519,
    87.35326533234422,
    41.94530539674962,
    44.73295567818848,
    1.7483941149159847,
    1.1012280274810455,
    0.1351447339817528,
    1.562255983671603
  ],
  "Y_mean": [
    22.56759776536314,
    24.87042830540038
  ],
  "Y_std": [
    10.130521043504197,
    9.539461333605933
  ],
  "feature_names": [
    "Relative Compactness",
    "Surface Area",
    "Wall Area",
    "Roof Area",
    "Overall Height",
    "Orientation",
    "Glazing Area",
    "Glazing Area Distribution"
  ],
  "target_names": [
    "Heating Load",
    "Cooling Load"
  ]
}